{
  "version": "2023.2",
  "applications": [],
  "platforms": [
    {
      "name": "avance_hw"
    }
  ],
  "systems": [
    {
      "name": "avance_sw_system",
      "platform": "/home/titin/Documents/Clases/SEP/Proyecto2/Block_Design/avance_hw/export/avance_hw/avance_hw.xpfm",
      "sysConfig": "avance_hw",
      "buildConfig": "Debug",
      "applications": [
        {
          "name": "avance_sw",
          "platform": "/home/titin/Documents/Clases/SEP/Proyecto2/Block_Design/avance_hw/export/avance_hw/avance_hw.xpfm",
          "platformPath": "/home/titin/Documents/Clases/SEP/Proyecto2/Block_Design/avance_hw/export/avance_hw",
          "sysConfig": "avance_hw",
          "domain": "standalone_domain",
          "system": "avance_sw_system"
        }
      ],
      "platformPath": "/home/titin/Documents/Clases/SEP/Proyecto2/Block_Design/avance_hw/export/avance_hw"
    }
  ],
  "others": []
}